0;f_name_0;l_name0;2.243;
1;f_name_1;l_name1;4.526;
2;f_name_2;l_name2;2.811;
3;f_name_3;l_name3;3.101;
4;f_name_4;l_name4;2.468;
5;f_name_5;l_name5;3.015;
6;f_name_6;l_name6;2.854;
7;f_name_7;l_name7;3.847;
8;f_name_8;l_name8;4.613;
9;f_name_9;l_name9;3.972;
10;f_name_10;l_name10;4.844;
11;f_name_11;l_name11;2.049;
12;f_name_12;l_name12;5.031;
13;f_name_13;l_name13;2.012;
14;f_name_14;l_name14;3.229;
15;f_name_15;l_name15;5.43;
16;f_name_16;l_name16;2.819;
17;f_name_17;l_name17;3.824;
18;f_name_18;l_name18;4.357;
19;f_name_19;l_name19;2.068;
20;f_name_20;l_name20;4.529;
21;f_name_21;l_name21;2.983;
22;f_name_22;l_name22;5.643;
23;f_name_23;l_name23;2.199;
24;f_name_24;l_name24;4.346;
25;f_name_25;l_name25;4.557;
26;f_name_26;l_name26;4.538;
27;f_name_27;l_name27;3.997;
28;f_name_28;l_name28;4.952;
29;f_name_29;l_name29;2.714;
30;f_name_30;l_name30;3.638;
31;f_name_31;l_name31;5.74;
32;f_name_32;l_name32;2.542;
33;f_name_33;l_name33;5.941;
34;f_name_34;l_name34;3.814;
35;f_name_35;l_name35;2.217;
36;f_name_36;l_name36;2.732;
37;f_name_37;l_name37;3.453;
38;f_name_38;l_name38;2.797;
39;f_name_39;l_name39;4.113;
40;f_name_40;l_name40;2.002;
41;f_name_41;l_name41;5.185;
42;f_name_42;l_name42;3.111;
43;f_name_43;l_name43;5.12;
44;f_name_44;l_name44;2.182;
45;f_name_45;l_name45;2.434;
46;f_name_46;l_name46;2.132;
47;f_name_47;l_name47;2.554;
48;f_name_48;l_name48;4.089;
49;f_name_49;l_name49;5.983;
50;f_name_50;l_name50;3.094;
51;f_name_51;l_name51;4.448;
52;f_name_52;l_name52;5.133;
53;f_name_53;l_name53;2.476;
54;f_name_54;l_name54;3.461;
55;f_name_55;l_name55;5.26;
56;f_name_56;l_name56;4.883;
57;f_name_57;l_name57;2.611;
58;f_name_58;l_name58;4.754;
59;f_name_59;l_name59;3.91;
60;f_name_60;l_name60;4.476;
61;f_name_61;l_name61;4.856;
62;f_name_62;l_name62;4.895;
63;f_name_63;l_name63;3.898;
64;f_name_64;l_name64;2.334;
65;f_name_65;l_name65;5.104;
66;f_name_66;l_name66;5.506;
67;f_name_67;l_name67;5.089;
68;f_name_68;l_name68;4.197;
69;f_name_69;l_name69;3.012;
70;f_name_70;l_name70;4.697;
71;f_name_71;l_name71;5.365;
72;f_name_72;l_name72;3.026;
73;f_name_73;l_name73;2.243;
74;f_name_74;l_name74;2.065;
75;f_name_75;l_name75;5.343;
76;f_name_76;l_name76;5.871;
77;f_name_77;l_name77;2.522;
78;f_name_78;l_name78;2.016;
79;f_name_79;l_name79;3.912;
80;f_name_80;l_name80;4.424;
81;f_name_81;l_name81;3.984;
82;f_name_82;l_name82;5.907;
83;f_name_83;l_name83;4.968;
84;f_name_84;l_name84;5.62;
85;f_name_85;l_name85;5.189;
86;f_name_86;l_name86;2.606;
87;f_name_87;l_name87;2.066;
88;f_name_88;l_name88;4.48;
89;f_name_89;l_name89;4.554;
90;f_name_90;l_name90;3.333;
91;f_name_91;l_name91;2.12;
92;f_name_92;l_name92;4.698;
93;f_name_93;l_name93;4.887;
94;f_name_94;l_name94;5.636;
95;f_name_95;l_name95;3.145;
96;f_name_96;l_name96;2.29;
97;f_name_97;l_name97;5.213;
98;f_name_98;l_name98;4.786;
99;f_name_99;l_name99;3.078;
100;f_name_100;l_name100;2.927;
101;f_name_101;l_name101;3.043;
102;f_name_102;l_name102;4.356;
103;f_name_103;l_name103;3.077;
104;f_name_104;l_name104;3.285;
105;f_name_105;l_name105;3.728;
106;f_name_106;l_name106;3.421;
107;f_name_107;l_name107;4.889;
108;f_name_108;l_name108;2.411;
109;f_name_109;l_name109;4.117;
110;f_name_110;l_name110;5.388;
111;f_name_111;l_name111;4.361;
112;f_name_112;l_name112;2.595;
113;f_name_113;l_name113;2.841;
114;f_name_114;l_name114;5.485;
115;f_name_115;l_name115;2.492;
116;f_name_116;l_name116;4.949;
117;f_name_117;l_name117;5.926;
118;f_name_118;l_name118;4.278;
119;f_name_119;l_name119;3.144;
120;f_name_120;l_name120;4.497;
121;f_name_121;l_name121;5.44;
122;f_name_122;l_name122;2.608;
123;f_name_123;l_name123;5.642;
124;f_name_124;l_name124;5.678;
125;f_name_125;l_name125;4.576;
126;f_name_126;l_name126;2.667;
127;f_name_127;l_name127;4.138;
128;f_name_128;l_name128;2.606;
129;f_name_129;l_name129;4.919;
130;f_name_130;l_name130;5.053;
131;f_name_131;l_name131;2.658;
132;f_name_132;l_name132;3.736;
133;f_name_133;l_name133;4.937;
134;f_name_134;l_name134;2.985;
135;f_name_135;l_name135;3.381;
136;f_name_136;l_name136;5.627;
137;f_name_137;l_name137;4.83;
138;f_name_138;l_name138;3.682;
139;f_name_139;l_name139;3.891;
140;f_name_140;l_name140;3.767;
141;f_name_141;l_name141;3.717;
142;f_name_142;l_name142;5.654;
143;f_name_143;l_name143;2.363;
144;f_name_144;l_name144;5.166;
145;f_name_145;l_name145;4.972;
146;f_name_146;l_name146;5.525;
147;f_name_147;l_name147;3.856;
148;f_name_148;l_name148;5.401;
149;f_name_149;l_name149;5.144;
150;f_name_150;l_name150;4.196;
151;f_name_151;l_name151;2.363;
152;f_name_152;l_name152;2.935;
153;f_name_153;l_name153;3.641;
154;f_name_154;l_name154;4.581;
155;f_name_155;l_name155;3.486;
156;f_name_156;l_name156;2.434;
157;f_name_157;l_name157;4.714;
158;f_name_158;l_name158;3.398;
159;f_name_159;l_name159;4.709;
160;f_name_160;l_name160;3.061;
161;f_name_161;l_name161;5.283;
162;f_name_162;l_name162;4.282;
163;f_name_163;l_name163;3.491;
164;f_name_164;l_name164;5.064;
165;f_name_165;l_name165;4.729;
166;f_name_166;l_name166;2.624;
167;f_name_167;l_name167;3.657;
168;f_name_168;l_name168;5.856;
169;f_name_169;l_name169;4.104;
170;f_name_170;l_name170;2.864;
171;f_name_171;l_name171;2.118;
172;f_name_172;l_name172;4.243;
173;f_name_173;l_name173;2.386;
174;f_name_174;l_name174;5.376;
175;f_name_175;l_name175;2.779;
176;f_name_176;l_name176;5.785;
177;f_name_177;l_name177;2.245;
178;f_name_178;l_name178;2.476;
179;f_name_179;l_name179;2.705;
180;f_name_180;l_name180;5.05;
181;f_name_181;l_name181;4.81;
182;f_name_182;l_name182;4.737;
183;f_name_183;l_name183;3.462;
184;f_name_184;l_name184;2.722;
185;f_name_185;l_name185;4.689;
186;f_name_186;l_name186;5.723;
187;f_name_187;l_name187;2.094;
188;f_name_188;l_name188;2.356;
189;f_name_189;l_name189;5.498;
190;f_name_190;l_name190;2.946;
191;f_name_191;l_name191;2.913;
192;f_name_192;l_name192;3.432;
193;f_name_193;l_name193;4.973;
194;f_name_194;l_name194;2.829;
195;f_name_195;l_name195;4.484;
196;f_name_196;l_name196;5.435;
197;f_name_197;l_name197;4.162;
198;f_name_198;l_name198;3.298;
199;f_name_199;l_name199;2.436;
200;f_name_200;l_name200;4.348;
201;f_name_201;l_name201;3.868;
202;f_name_202;l_name202;4;
203;f_name_203;l_name203;3.296;
204;f_name_204;l_name204;4.279;
205;f_name_205;l_name205;4.077;
206;f_name_206;l_name206;4.12;
207;f_name_207;l_name207;2.548;
208;f_name_208;l_name208;4.265;
209;f_name_209;l_name209;3.801;
210;f_name_210;l_name210;3.701;
211;f_name_211;l_name211;2.189;
212;f_name_212;l_name212;4.238;
213;f_name_213;l_name213;2.692;
214;f_name_214;l_name214;5.658;
215;f_name_215;l_name215;4.251;
216;f_name_216;l_name216;2.545;
217;f_name_217;l_name217;2.819;
218;f_name_218;l_name218;2.769;
219;f_name_219;l_name219;2.375;
220;f_name_220;l_name220;5.006;
221;f_name_221;l_name221;2.529;
222;f_name_222;l_name222;3.3;
223;f_name_223;l_name223;2.358;
224;f_name_224;l_name224;3.157;
225;f_name_225;l_name225;5.951;
226;f_name_226;l_name226;4.686;
227;f_name_227;l_name227;5.269;
228;f_name_228;l_name228;5.556;
229;f_name_229;l_name229;2.891;
230;f_name_230;l_name230;3.344;
231;f_name_231;l_name231;3.622;
232;f_name_232;l_name232;4.946;
233;f_name_233;l_name233;2.039;
234;f_name_234;l_name234;4.357;
235;f_name_235;l_name235;3.182;
236;f_name_236;l_name236;2.809;
237;f_name_237;l_name237;3.44;
238;f_name_238;l_name238;5.182;
239;f_name_239;l_name239;4.645;
240;f_name_240;l_name240;2.569;
241;f_name_241;l_name241;5.174;
242;f_name_242;l_name242;3.829;
243;f_name_243;l_name243;4.555;
244;f_name_244;l_name244;3.797;
245;f_name_245;l_name245;2.757;
246;f_name_246;l_name246;4.675;
247;f_name_247;l_name247;2.739;
248;f_name_248;l_name248;5.315;
249;f_name_249;l_name249;4.578;
250;f_name_250;l_name250;3.939;
251;f_name_251;l_name251;4.615;
252;f_name_252;l_name252;3.393;
253;f_name_253;l_name253;2.923;
254;f_name_254;l_name254;3.43;
255;f_name_255;l_name255;3.818;
256;f_name_256;l_name256;2.567;
257;f_name_257;l_name257;3.642;
258;f_name_258;l_name258;2.139;
259;f_name_259;l_name259;4.328;
260;f_name_260;l_name260;5.391;
261;f_name_261;l_name261;4.85;
262;f_name_262;l_name262;2.992;
263;f_name_263;l_name263;3.373;
264;f_name_264;l_name264;2.456;
265;f_name_265;l_name265;2.078;
266;f_name_266;l_name266;3.242;
267;f_name_267;l_name267;4.198;
268;f_name_268;l_name268;4.334;
269;f_name_269;l_name269;4.476;
270;f_name_270;l_name270;3.441;
271;f_name_271;l_name271;5.105;
272;f_name_272;l_name272;3.637;
273;f_name_273;l_name273;4.123;
274;f_name_274;l_name274;5.806;
275;f_name_275;l_name275;5.831;
276;f_name_276;l_name276;4.7;
277;f_name_277;l_name277;4.745;
278;f_name_278;l_name278;4.561;
279;f_name_279;l_name279;2.4;
280;f_name_280;l_name280;3.276;
281;f_name_281;l_name281;3.946;
282;f_name_282;l_name282;5.954;
283;f_name_283;l_name283;2.978;
284;f_name_284;l_name284;4.952;
285;f_name_285;l_name285;4.729;
286;f_name_286;l_name286;2.229;
287;f_name_287;l_name287;4.023;
288;f_name_288;l_name288;4.608;
289;f_name_289;l_name289;2.539;
290;f_name_290;l_name290;2.614;
291;f_name_291;l_name291;5.167;
292;f_name_292;l_name292;3.301;
293;f_name_293;l_name293;2.854;
294;f_name_294;l_name294;5.253;
295;f_name_295;l_name295;3.718;
296;f_name_296;l_name296;4.182;
297;f_name_297;l_name297;2.456;
298;f_name_298;l_name298;4.098;
299;f_name_299;l_name299;3.718;
300;f_name_300;l_name300;5.515;
301;f_name_301;l_name301;2.476;
302;f_name_302;l_name302;4.404;
303;f_name_303;l_name303;2.838;
304;f_name_304;l_name304;3.136;
305;f_name_305;l_name305;4.834;
306;f_name_306;l_name306;2.978;
307;f_name_307;l_name307;5.269;
308;f_name_308;l_name308;3.117;
309;f_name_309;l_name309;3.598;
310;f_name_310;l_name310;5.118;
311;f_name_311;l_name311;3.821;
312;f_name_312;l_name312;5.08;
313;f_name_313;l_name313;5.739;
314;f_name_314;l_name314;3.051;
315;f_name_315;l_name315;3.444;
316;f_name_316;l_name316;4.895;
317;f_name_317;l_name317;2.014;
318;f_name_318;l_name318;4.42;
319;f_name_319;l_name319;3.726;
320;f_name_320;l_name320;5.849;
321;f_name_321;l_name321;5.218;
322;f_name_322;l_name322;5.59;
323;f_name_323;l_name323;3.795;
324;f_name_324;l_name324;3.861;
325;f_name_325;l_name325;4.274;
326;f_name_326;l_name326;3.803;
327;f_name_327;l_name327;2.782;
328;f_name_328;l_name328;4.869;
329;f_name_329;l_name329;4.087;
330;f_name_330;l_name330;3.649;
331;f_name_331;l_name331;4.243;
332;f_name_332;l_name332;2.646;
333;f_name_333;l_name333;2.842;
334;f_name_334;l_name334;2.884;
335;f_name_335;l_name335;2.8;
336;f_name_336;l_name336;5.541;
337;f_name_337;l_name337;5.116;
338;f_name_338;l_name338;5.841;
339;f_name_339;l_name339;2.118;
340;f_name_340;l_name340;3.751;
341;f_name_341;l_name341;2.959;
342;f_name_342;l_name342;2.905;
343;f_name_343;l_name343;3.01;
344;f_name_344;l_name344;3.421;
345;f_name_345;l_name345;4.792;
346;f_name_346;l_name346;2.086;
347;f_name_347;l_name347;3.562;
348;f_name_348;l_name348;5.802;
349;f_name_349;l_name349;3.809;
350;f_name_350;l_name350;4.823;
351;f_name_351;l_name351;4.168;
352;f_name_352;l_name352;4.035;
353;f_name_353;l_name353;2.372;
354;f_name_354;l_name354;3.869;
355;f_name_355;l_name355;2.296;
356;f_name_356;l_name356;2.886;
357;f_name_357;l_name357;2.609;
358;f_name_358;l_name358;4.977;
359;f_name_359;l_name359;4.862;
360;f_name_360;l_name360;3.03;
361;f_name_361;l_name361;2.195;
362;f_name_362;l_name362;2.399;
363;f_name_363;l_name363;5.03;
364;f_name_364;l_name364;5.948;
365;f_name_365;l_name365;2.874;
366;f_name_366;l_name366;3.175;
367;f_name_367;l_name367;4.238;
368;f_name_368;l_name368;4.854;
369;f_name_369;l_name369;2.251;
370;f_name_370;l_name370;3.902;
371;f_name_371;l_name371;5.779;
372;f_name_372;l_name372;2.172;
373;f_name_373;l_name373;4.302;
374;f_name_374;l_name374;5.974;
375;f_name_375;l_name375;4.889;
376;f_name_376;l_name376;4.313;
377;f_name_377;l_name377;4.579;
378;f_name_378;l_name378;2.374;
379;f_name_379;l_name379;5.068;
380;f_name_380;l_name380;4.187;
381;f_name_381;l_name381;2.241;
382;f_name_382;l_name382;2.979;
383;f_name_383;l_name383;3.06;
384;f_name_384;l_name384;5.263;
385;f_name_385;l_name385;5.481;
386;f_name_386;l_name386;2.208;
387;f_name_387;l_name387;2.274;
388;f_name_388;l_name388;4.972;
389;f_name_389;l_name389;2.588;
390;f_name_390;l_name390;5.914;
391;f_name_391;l_name391;4.932;
392;f_name_392;l_name392;2.139;
393;f_name_393;l_name393;2.979;
394;f_name_394;l_name394;5.088;
395;f_name_395;l_name395;3.556;
396;f_name_396;l_name396;2.559;
397;f_name_397;l_name397;3.875;
398;f_name_398;l_name398;3.061;
399;f_name_399;l_name399;2.546;
400;f_name_400;l_name400;3.617;
401;f_name_401;l_name401;3.848;
402;f_name_402;l_name402;4.707;
403;f_name_403;l_name403;5.551;
404;f_name_404;l_name404;5.907;
405;f_name_405;l_name405;5.044;
406;f_name_406;l_name406;3.995;
407;f_name_407;l_name407;5.732;
408;f_name_408;l_name408;2.397;
409;f_name_409;l_name409;4.98;
410;f_name_410;l_name410;3.983;
411;f_name_411;l_name411;4.306;
412;f_name_412;l_name412;2.235;
413;f_name_413;l_name413;5.908;
414;f_name_414;l_name414;2.675;
415;f_name_415;l_name415;2.788;
416;f_name_416;l_name416;5.216;
417;f_name_417;l_name417;5.339;
418;f_name_418;l_name418;5.766;
419;f_name_419;l_name419;2.467;
420;f_name_420;l_name420;2.666;
421;f_name_421;l_name421;2.9;
422;f_name_422;l_name422;5.265;
423;f_name_423;l_name423;4.266;
424;f_name_424;l_name424;2.337;
425;f_name_425;l_name425;4.97;
426;f_name_426;l_name426;5.639;
427;f_name_427;l_name427;5.193;
428;f_name_428;l_name428;5.214;
429;f_name_429;l_name429;4.418;
430;f_name_430;l_name430;4.33;
431;f_name_431;l_name431;2.437;
432;f_name_432;l_name432;3.518;
433;f_name_433;l_name433;5.827;
434;f_name_434;l_name434;3.451;
435;f_name_435;l_name435;2.339;
436;f_name_436;l_name436;3.533;
437;f_name_437;l_name437;3.428;
438;f_name_438;l_name438;3.153;
439;f_name_439;l_name439;2.219;
440;f_name_440;l_name440;3.485;
441;f_name_441;l_name441;2.475;
442;f_name_442;l_name442;5.877;
443;f_name_443;l_name443;5.992;
444;f_name_444;l_name444;4.604;
445;f_name_445;l_name445;3.607;
446;f_name_446;l_name446;4.696;
447;f_name_447;l_name447;2.23;
448;f_name_448;l_name448;2.304;
449;f_name_449;l_name449;4.299;
450;f_name_450;l_name450;4.34;
451;f_name_451;l_name451;3.219;
452;f_name_452;l_name452;4.109;
453;f_name_453;l_name453;2.593;
454;f_name_454;l_name454;5.88;
455;f_name_455;l_name455;2.717;
456;f_name_456;l_name456;4.582;
457;f_name_457;l_name457;2.441;
458;f_name_458;l_name458;5.213;
459;f_name_459;l_name459;2.936;
460;f_name_460;l_name460;5.404;
461;f_name_461;l_name461;4.802;
462;f_name_462;l_name462;2.518;
463;f_name_463;l_name463;3.978;
464;f_name_464;l_name464;2.649;
465;f_name_465;l_name465;3.545;
466;f_name_466;l_name466;2.788;
467;f_name_467;l_name467;2.407;
468;f_name_468;l_name468;4.457;
469;f_name_469;l_name469;2.335;
470;f_name_470;l_name470;5.255;
471;f_name_471;l_name471;3.787;
472;f_name_472;l_name472;4.186;
473;f_name_473;l_name473;5.546;
474;f_name_474;l_name474;4.982;
475;f_name_475;l_name475;2.19;
476;f_name_476;l_name476;3.022;
477;f_name_477;l_name477;5.273;
478;f_name_478;l_name478;5.661;
479;f_name_479;l_name479;4.729;
480;f_name_480;l_name480;2.273;
481;f_name_481;l_name481;5.409;
482;f_name_482;l_name482;4.889;
483;f_name_483;l_name483;2.914;
484;f_name_484;l_name484;2.078;
485;f_name_485;l_name485;3.11;
486;f_name_486;l_name486;4.328;
487;f_name_487;l_name487;2.924;
488;f_name_488;l_name488;5.946;
489;f_name_489;l_name489;2.733;
490;f_name_490;l_name490;3.756;
491;f_name_491;l_name491;3.091;
492;f_name_492;l_name492;4.214;
493;f_name_493;l_name493;2.216;
494;f_name_494;l_name494;2.815;
495;f_name_495;l_name495;4.683;
496;f_name_496;l_name496;5.956;
497;f_name_497;l_name497;3.898;
498;f_name_498;l_name498;5.342;
499;f_name_499;l_name499;3.059;
500;f_name_500;l_name500;2.819;
501;f_name_501;l_name501;4.288;
502;f_name_502;l_name502;3.773;
503;f_name_503;l_name503;5.968;
504;f_name_504;l_name504;5.043;
505;f_name_505;l_name505;2.552;
506;f_name_506;l_name506;5.033;
507;f_name_507;l_name507;4.562;
508;f_name_508;l_name508;3.611;
509;f_name_509;l_name509;5.69;
510;f_name_510;l_name510;5.694;
511;f_name_511;l_name511;5.309;
512;f_name_512;l_name512;2.779;
513;f_name_513;l_name513;2.484;
514;f_name_514;l_name514;2.663;
515;f_name_515;l_name515;5.995;
516;f_name_516;l_name516;5.913;
517;f_name_517;l_name517;5.603;
518;f_name_518;l_name518;3.9;
519;f_name_519;l_name519;5.538;
520;f_name_520;l_name520;5.217;
521;f_name_521;l_name521;5.864;
522;f_name_522;l_name522;2.461;
523;f_name_523;l_name523;3.723;
524;f_name_524;l_name524;4.579;
525;f_name_525;l_name525;4.163;
526;f_name_526;l_name526;5.573;
527;f_name_527;l_name527;3.969;
528;f_name_528;l_name528;4.731;
529;f_name_529;l_name529;2.299;
530;f_name_530;l_name530;2.233;
531;f_name_531;l_name531;5.124;
532;f_name_532;l_name532;5.93;
533;f_name_533;l_name533;4.602;
534;f_name_534;l_name534;3.91;
535;f_name_535;l_name535;3.984;
536;f_name_536;l_name536;3.635;
537;f_name_537;l_name537;4.921;
538;f_name_538;l_name538;3.871;
539;f_name_539;l_name539;5.525;
540;f_name_540;l_name540;4.077;
541;f_name_541;l_name541;5.765;
542;f_name_542;l_name542;5.312;
543;f_name_543;l_name543;2.256;
544;f_name_544;l_name544;3.039;
545;f_name_545;l_name545;4.447;
546;f_name_546;l_name546;2.312;
547;f_name_547;l_name547;3.73;
548;f_name_548;l_name548;5.553;
549;f_name_549;l_name549;2.82;
550;f_name_550;l_name550;4.77;
551;f_name_551;l_name551;2.352;
552;f_name_552;l_name552;5.998;
553;f_name_553;l_name553;5.804;
554;f_name_554;l_name554;3.841;
555;f_name_555;l_name555;2.955;
556;f_name_556;l_name556;3.827;
557;f_name_557;l_name557;2.05;
558;f_name_558;l_name558;3.389;
559;f_name_559;l_name559;2.88;
560;f_name_560;l_name560;2.978;
561;f_name_561;l_name561;3.063;
562;f_name_562;l_name562;5.831;
563;f_name_563;l_name563;3.312;
564;f_name_564;l_name564;5.456;
565;f_name_565;l_name565;2.57;
566;f_name_566;l_name566;5.378;
567;f_name_567;l_name567;4.177;
568;f_name_568;l_name568;4.573;
569;f_name_569;l_name569;4.678;
570;f_name_570;l_name570;4.359;
571;f_name_571;l_name571;2.991;
572;f_name_572;l_name572;3.732;
573;f_name_573;l_name573;4.374;
574;f_name_574;l_name574;3.461;
575;f_name_575;l_name575;5.452;
576;f_name_576;l_name576;2.551;
577;f_name_577;l_name577;2.204;
578;f_name_578;l_name578;2.684;
579;f_name_579;l_name579;2.131;
580;f_name_580;l_name580;3.851;
581;f_name_581;l_name581;3.843;
582;f_name_582;l_name582;4.416;
583;f_name_583;l_name583;3.911;
584;f_name_584;l_name584;3.528;
585;f_name_585;l_name585;5.881;
586;f_name_586;l_name586;5.126;
587;f_name_587;l_name587;2.126;
588;f_name_588;l_name588;2.76;
589;f_name_589;l_name589;2.955;
590;f_name_590;l_name590;2.156;
591;f_name_591;l_name591;3.585;
592;f_name_592;l_name592;3.532;
593;f_name_593;l_name593;2.99;
594;f_name_594;l_name594;4.547;
595;f_name_595;l_name595;3.013;
596;f_name_596;l_name596;5.933;
597;f_name_597;l_name597;3.999;
598;f_name_598;l_name598;2.8;
599;f_name_599;l_name599;2.468;
600;f_name_600;l_name600;5.069;
601;f_name_601;l_name601;4.134;
602;f_name_602;l_name602;5.156;
603;f_name_603;l_name603;2.874;
604;f_name_604;l_name604;4.46;
605;f_name_605;l_name605;3.778;
606;f_name_606;l_name606;4.62;
607;f_name_607;l_name607;3.623;
608;f_name_608;l_name608;4.342;
609;f_name_609;l_name609;4.389;
610;f_name_610;l_name610;2.403;
611;f_name_611;l_name611;3.623;
612;f_name_612;l_name612;5.366;
613;f_name_613;l_name613;3.257;
614;f_name_614;l_name614;5.028;
615;f_name_615;l_name615;5.135;
616;f_name_616;l_name616;4.647;
617;f_name_617;l_name617;3.92;
618;f_name_618;l_name618;5.783;
619;f_name_619;l_name619;5.575;
620;f_name_620;l_name620;3.444;
621;f_name_621;l_name621;5.252;
622;f_name_622;l_name622;3.416;
623;f_name_623;l_name623;3.618;
624;f_name_624;l_name624;4.521;
625;f_name_625;l_name625;2.774;
626;f_name_626;l_name626;5.459;
627;f_name_627;l_name627;2.741;
628;f_name_628;l_name628;5.827;
629;f_name_629;l_name629;2.447;
630;f_name_630;l_name630;5.518;
631;f_name_631;l_name631;4.552;
632;f_name_632;l_name632;5.403;
633;f_name_633;l_name633;2.215;
634;f_name_634;l_name634;3.062;
635;f_name_635;l_name635;5.716;
636;f_name_636;l_name636;4.686;
637;f_name_637;l_name637;3.541;
638;f_name_638;l_name638;5.45;
639;f_name_639;l_name639;5.75;
640;f_name_640;l_name640;3.26;
641;f_name_641;l_name641;3.502;
642;f_name_642;l_name642;3.783;
643;f_name_643;l_name643;4.371;
644;f_name_644;l_name644;2.551;
645;f_name_645;l_name645;4.533;
646;f_name_646;l_name646;4.219;
647;f_name_647;l_name647;2.274;
648;f_name_648;l_name648;3.961;
649;f_name_649;l_name649;5.411;
650;f_name_650;l_name650;4.366;
651;f_name_651;l_name651;4.013;
652;f_name_652;l_name652;4.215;
653;f_name_653;l_name653;3.225;
654;f_name_654;l_name654;5.024;
655;f_name_655;l_name655;5.816;
656;f_name_656;l_name656;2.718;
657;f_name_657;l_name657;3.537;
658;f_name_658;l_name658;4.352;
659;f_name_659;l_name659;3.686;
660;f_name_660;l_name660;4.318;
661;f_name_661;l_name661;3.878;
662;f_name_662;l_name662;3.796;
663;f_name_663;l_name663;3.895;
664;f_name_664;l_name664;4.87;
665;f_name_665;l_name665;3.851;
666;f_name_666;l_name666;4.219;
667;f_name_667;l_name667;5.15;
668;f_name_668;l_name668;2.195;
669;f_name_669;l_name669;5.312;
670;f_name_670;l_name670;2.448;
671;f_name_671;l_name671;3.105;
672;f_name_672;l_name672;4.469;
673;f_name_673;l_name673;2.033;
674;f_name_674;l_name674;4.314;
675;f_name_675;l_name675;5.941;
676;f_name_676;l_name676;3.468;
677;f_name_677;l_name677;5.044;
678;f_name_678;l_name678;3.067;
679;f_name_679;l_name679;5.988;
680;f_name_680;l_name680;4.555;
681;f_name_681;l_name681;5.185;
682;f_name_682;l_name682;4.779;
683;f_name_683;l_name683;2.416;
684;f_name_684;l_name684;4.08;
685;f_name_685;l_name685;3.505;
686;f_name_686;l_name686;2.336;
687;f_name_687;l_name687;4.178;
688;f_name_688;l_name688;3.19;
689;f_name_689;l_name689;3.245;
690;f_name_690;l_name690;4.998;
691;f_name_691;l_name691;3.149;
692;f_name_692;l_name692;5.188;
693;f_name_693;l_name693;3.764;
694;f_name_694;l_name694;3.432;
695;f_name_695;l_name695;5.382;
696;f_name_696;l_name696;5.706;
697;f_name_697;l_name697;5.888;
698;f_name_698;l_name698;5.5;
699;f_name_699;l_name699;4.7;
700;f_name_700;l_name700;2.313;
701;f_name_701;l_name701;5.068;
702;f_name_702;l_name702;2.079;
703;f_name_703;l_name703;4.649;
704;f_name_704;l_name704;4.962;
705;f_name_705;l_name705;3.261;
706;f_name_706;l_name706;5.543;
707;f_name_707;l_name707;4.182;
708;f_name_708;l_name708;4.911;
709;f_name_709;l_name709;5.082;
710;f_name_710;l_name710;4.348;
711;f_name_711;l_name711;3.673;
712;f_name_712;l_name712;2.47;
713;f_name_713;l_name713;4.363;
714;f_name_714;l_name714;5.131;
715;f_name_715;l_name715;5.133;
716;f_name_716;l_name716;5.098;
717;f_name_717;l_name717;3.38;
718;f_name_718;l_name718;5.814;
719;f_name_719;l_name719;3.365;
720;f_name_720;l_name720;3.515;
721;f_name_721;l_name721;2.041;
722;f_name_722;l_name722;3.96;
723;f_name_723;l_name723;4.95;
724;f_name_724;l_name724;2.313;
725;f_name_725;l_name725;5.299;
726;f_name_726;l_name726;3.916;
727;f_name_727;l_name727;2.705;
728;f_name_728;l_name728;4.6;
729;f_name_729;l_name729;4.932;
730;f_name_730;l_name730;2.235;
731;f_name_731;l_name731;3.58;
732;f_name_732;l_name732;5.544;
733;f_name_733;l_name733;4.367;
734;f_name_734;l_name734;5.675;
735;f_name_735;l_name735;5.486;
736;f_name_736;l_name736;5.106;
737;f_name_737;l_name737;2.129;
738;f_name_738;l_name738;3.453;
739;f_name_739;l_name739;2.819;
740;f_name_740;l_name740;3.962;
741;f_name_741;l_name741;4.153;
742;f_name_742;l_name742;5.266;
743;f_name_743;l_name743;4.107;
744;f_name_744;l_name744;4.897;
745;f_name_745;l_name745;3.325;
746;f_name_746;l_name746;2.678;
747;f_name_747;l_name747;2.824;
748;f_name_748;l_name748;4.633;
749;f_name_749;l_name749;4.298;
750;f_name_750;l_name750;2.283;
751;f_name_751;l_name751;4.325;
752;f_name_752;l_name752;2.073;
753;f_name_753;l_name753;4.135;
754;f_name_754;l_name754;3.184;
755;f_name_755;l_name755;2.271;
756;f_name_756;l_name756;3.108;
757;f_name_757;l_name757;3.128;
758;f_name_758;l_name758;4.336;
759;f_name_759;l_name759;5.663;
760;f_name_760;l_name760;5.344;
761;f_name_761;l_name761;4.837;
762;f_name_762;l_name762;5.581;
763;f_name_763;l_name763;5.979;
764;f_name_764;l_name764;4.847;
765;f_name_765;l_name765;2.767;
766;f_name_766;l_name766;4.129;
767;f_name_767;l_name767;4.103;
768;f_name_768;l_name768;4.688;
769;f_name_769;l_name769;5.644;
770;f_name_770;l_name770;2.027;
771;f_name_771;l_name771;4.968;
772;f_name_772;l_name772;5.926;
773;f_name_773;l_name773;4.994;
774;f_name_774;l_name774;5.403;
775;f_name_775;l_name775;5.362;
776;f_name_776;l_name776;2.775;
777;f_name_777;l_name777;5.852;
778;f_name_778;l_name778;2.053;
779;f_name_779;l_name779;4.987;
780;f_name_780;l_name780;4.62;
781;f_name_781;l_name781;3.091;
782;f_name_782;l_name782;4.072;
783;f_name_783;l_name783;2.302;
784;f_name_784;l_name784;4.648;
785;f_name_785;l_name785;3.91;
786;f_name_786;l_name786;3.506;
787;f_name_787;l_name787;3.408;
788;f_name_788;l_name788;3.182;
789;f_name_789;l_name789;5.404;
790;f_name_790;l_name790;4.378;
791;f_name_791;l_name791;3.977;
792;f_name_792;l_name792;3.793;
793;f_name_793;l_name793;3.789;
794;f_name_794;l_name794;3.475;
795;f_name_795;l_name795;5.124;
796;f_name_796;l_name796;4.571;
797;f_name_797;l_name797;5.287;
798;f_name_798;l_name798;5.26;
799;f_name_799;l_name799;4.129;
800;f_name_800;l_name800;5.196;
801;f_name_801;l_name801;4.575;
802;f_name_802;l_name802;4.136;
803;f_name_803;l_name803;4.988;
804;f_name_804;l_name804;4.271;
805;f_name_805;l_name805;3.314;
806;f_name_806;l_name806;4.398;
807;f_name_807;l_name807;3.078;
808;f_name_808;l_name808;4.732;
809;f_name_809;l_name809;3.822;
810;f_name_810;l_name810;5.496;
811;f_name_811;l_name811;3.256;
812;f_name_812;l_name812;3.075;
813;f_name_813;l_name813;5.348;
814;f_name_814;l_name814;3.042;
815;f_name_815;l_name815;4.252;
816;f_name_816;l_name816;2.765;
817;f_name_817;l_name817;5.279;
818;f_name_818;l_name818;3.33;
819;f_name_819;l_name819;2.937;
820;f_name_820;l_name820;5.261;
821;f_name_821;l_name821;2.72;
822;f_name_822;l_name822;2.921;
823;f_name_823;l_name823;5.284;
824;f_name_824;l_name824;3.266;
825;f_name_825;l_name825;4.049;
826;f_name_826;l_name826;3.175;
827;f_name_827;l_name827;4.136;
828;f_name_828;l_name828;3.519;
829;f_name_829;l_name829;2.279;
830;f_name_830;l_name830;2.79;
831;f_name_831;l_name831;3.487;
832;f_name_832;l_name832;2.591;
833;f_name_833;l_name833;3.923;
834;f_name_834;l_name834;5.791;
835;f_name_835;l_name835;2.044;
836;f_name_836;l_name836;4.955;
837;f_name_837;l_name837;5.083;
838;f_name_838;l_name838;4.03;
839;f_name_839;l_name839;3.333;
840;f_name_840;l_name840;5.511;
841;f_name_841;l_name841;2.427;
842;f_name_842;l_name842;4.676;
843;f_name_843;l_name843;5.359;
844;f_name_844;l_name844;5.908;
845;f_name_845;l_name845;3.122;
846;f_name_846;l_name846;2.901;
847;f_name_847;l_name847;4.444;
848;f_name_848;l_name848;2.747;
849;f_name_849;l_name849;5.222;
850;f_name_850;l_name850;4.358;
851;f_name_851;l_name851;5.291;
852;f_name_852;l_name852;3.957;
853;f_name_853;l_name853;4.323;
854;f_name_854;l_name854;4.867;
855;f_name_855;l_name855;4.475;
856;f_name_856;l_name856;3.654;
857;f_name_857;l_name857;4.852;
858;f_name_858;l_name858;3.722;
859;f_name_859;l_name859;2.221;
860;f_name_860;l_name860;2.139;
861;f_name_861;l_name861;2.261;
862;f_name_862;l_name862;5.559;
863;f_name_863;l_name863;4.452;
864;f_name_864;l_name864;3.031;
865;f_name_865;l_name865;4.008;
866;f_name_866;l_name866;2.664;
867;f_name_867;l_name867;5.151;
868;f_name_868;l_name868;5.557;
869;f_name_869;l_name869;2.998;
870;f_name_870;l_name870;5.296;
871;f_name_871;l_name871;3.682;
872;f_name_872;l_name872;3.248;
873;f_name_873;l_name873;5.996;
874;f_name_874;l_name874;3.425;
875;f_name_875;l_name875;4.833;
876;f_name_876;l_name876;4.044;
877;f_name_877;l_name877;3.561;
878;f_name_878;l_name878;5.376;
879;f_name_879;l_name879;2.144;
880;f_name_880;l_name880;3.148;
881;f_name_881;l_name881;4.73;
882;f_name_882;l_name882;3.389;
883;f_name_883;l_name883;4.296;
884;f_name_884;l_name884;3.921;
885;f_name_885;l_name885;3.499;
886;f_name_886;l_name886;5.53;
887;f_name_887;l_name887;4.267;
888;f_name_888;l_name888;5.055;
889;f_name_889;l_name889;3.315;
890;f_name_890;l_name890;4.39;
891;f_name_891;l_name891;2.103;
892;f_name_892;l_name892;3.36;
893;f_name_893;l_name893;3.809;
894;f_name_894;l_name894;3.194;
895;f_name_895;l_name895;5.249;
896;f_name_896;l_name896;2.868;
897;f_name_897;l_name897;2.223;
898;f_name_898;l_name898;4.327;
899;f_name_899;l_name899;3.899;
900;f_name_900;l_name900;2.457;
901;f_name_901;l_name901;3.749;
902;f_name_902;l_name902;4.887;
903;f_name_903;l_name903;5.748;
904;f_name_904;l_name904;5.925;
905;f_name_905;l_name905;2.675;
906;f_name_906;l_name906;4.043;
907;f_name_907;l_name907;3.96;
908;f_name_908;l_name908;2.897;
909;f_name_909;l_name909;2.034;
910;f_name_910;l_name910;2.431;
911;f_name_911;l_name911;2.092;
912;f_name_912;l_name912;5.476;
913;f_name_913;l_name913;3.578;
914;f_name_914;l_name914;5.073;
915;f_name_915;l_name915;3.408;
916;f_name_916;l_name916;4.871;
917;f_name_917;l_name917;3.262;
918;f_name_918;l_name918;2.531;
919;f_name_919;l_name919;5.532;
920;f_name_920;l_name920;4.477;
921;f_name_921;l_name921;4.396;
922;f_name_922;l_name922;2.095;
923;f_name_923;l_name923;4.241;
924;f_name_924;l_name924;4.607;
925;f_name_925;l_name925;5.193;
926;f_name_926;l_name926;2.322;
927;f_name_927;l_name927;5.439;
928;f_name_928;l_name928;4.801;
929;f_name_929;l_name929;4.176;
930;f_name_930;l_name930;3.965;
931;f_name_931;l_name931;3.82;
932;f_name_932;l_name932;5.234;
933;f_name_933;l_name933;3.476;
934;f_name_934;l_name934;5.686;
935;f_name_935;l_name935;5.398;
936;f_name_936;l_name936;5.843;
937;f_name_937;l_name937;3.64;
938;f_name_938;l_name938;4.37;
939;f_name_939;l_name939;3.245;
940;f_name_940;l_name940;5.456;
941;f_name_941;l_name941;3.57;
942;f_name_942;l_name942;3.37;
943;f_name_943;l_name943;5.021;
944;f_name_944;l_name944;2.883;
945;f_name_945;l_name945;4.297;
946;f_name_946;l_name946;2.627;
947;f_name_947;l_name947;5.782;
948;f_name_948;l_name948;4.736;
949;f_name_949;l_name949;5.785;
950;f_name_950;l_name950;2.377;
951;f_name_951;l_name951;5.605;
952;f_name_952;l_name952;5.691;
953;f_name_953;l_name953;4.795;
954;f_name_954;l_name954;5.421;
955;f_name_955;l_name955;4.061;
956;f_name_956;l_name956;3.654;
957;f_name_957;l_name957;2.645;
958;f_name_958;l_name958;3.141;
959;f_name_959;l_name959;2.732;
960;f_name_960;l_name960;2.353;
961;f_name_961;l_name961;4.604;
962;f_name_962;l_name962;5.158;
963;f_name_963;l_name963;4.721;
964;f_name_964;l_name964;4.069;
965;f_name_965;l_name965;4.61;
966;f_name_966;l_name966;2.858;
967;f_name_967;l_name967;3.999;
968;f_name_968;l_name968;3.892;
969;f_name_969;l_name969;5.674;
970;f_name_970;l_name970;3.565;
971;f_name_971;l_name971;3.23;
972;f_name_972;l_name972;4.891;
973;f_name_973;l_name973;5.286;
974;f_name_974;l_name974;2.076;
975;f_name_975;l_name975;2.907;
976;f_name_976;l_name976;3.026;
977;f_name_977;l_name977;3.074;
978;f_name_978;l_name978;3.358;
979;f_name_979;l_name979;2.309;
980;f_name_980;l_name980;4.566;
981;f_name_981;l_name981;2.54;
982;f_name_982;l_name982;2.702;
983;f_name_983;l_name983;5.016;
984;f_name_984;l_name984;3.798;
985;f_name_985;l_name985;4.359;
986;f_name_986;l_name986;4.129;
987;f_name_987;l_name987;2.439;
988;f_name_988;l_name988;4.054;
989;f_name_989;l_name989;3.624;
990;f_name_990;l_name990;3.744;
991;f_name_991;l_name991;5.198;
992;f_name_992;l_name992;2.499;
993;f_name_993;l_name993;3.638;
994;f_name_994;l_name994;2.892;
995;f_name_995;l_name995;2.852;
996;f_name_996;l_name996;4.411;
997;f_name_997;l_name997;4.648;
998;f_name_998;l_name998;2.952;
999;f_name_999;l_name999;4.272;
