0;Owner_0;Model_0;
1;Owner_1;Model_1;
2;Owner_2;Model_2;
3;Owner_3;Model_3;
4;Owner_4;Model_4;
5;Owner_5;Model_5;
6;Owner_6;Model_6;
7;Owner_7;Model_7;
8;Owner_8;Model_8;
9;Owner_9;Model_9;
10;Owner_10;Model_10;
11;Owner_11;Model_11;
12;Owner_12;Model_12;
13;Owner_13;Model_13;
14;Owner_14;Model_14;
15;Owner_15;Model_15;
16;Owner_16;Model_16;
17;Owner_17;Model_17;
18;Owner_18;Model_18;
19;Owner_19;Model_19;
20;Owner_20;Model_20;
21;Owner_21;Model_21;
22;Owner_22;Model_22;
23;Owner_23;Model_23;
24;Owner_24;Model_24;
25;Owner_25;Model_25;
26;Owner_26;Model_26;
27;Owner_27;Model_27;
28;Owner_28;Model_28;
29;Owner_29;Model_29;
30;Owner_30;Model_30;
31;Owner_31;Model_31;
32;Owner_32;Model_32;
33;Owner_33;Model_33;
34;Owner_34;Model_34;
35;Owner_35;Model_35;
36;Owner_36;Model_36;
37;Owner_37;Model_37;
38;Owner_38;Model_38;
39;Owner_39;Model_39;
40;Owner_40;Model_40;
41;Owner_41;Model_41;
42;Owner_42;Model_42;
43;Owner_43;Model_43;
44;Owner_44;Model_44;
45;Owner_45;Model_45;
46;Owner_46;Model_46;
47;Owner_47;Model_47;
48;Owner_48;Model_48;
49;Owner_49;Model_49;
50;Owner_50;Model_50;
51;Owner_51;Model_51;
52;Owner_52;Model_52;
53;Owner_53;Model_53;
54;Owner_54;Model_54;
55;Owner_55;Model_55;
56;Owner_56;Model_56;
57;Owner_57;Model_57;
58;Owner_58;Model_58;
59;Owner_59;Model_59;
60;Owner_60;Model_60;
61;Owner_61;Model_61;
62;Owner_62;Model_62;
63;Owner_63;Model_63;
64;Owner_64;Model_64;
65;Owner_65;Model_65;
66;Owner_66;Model_66;
67;Owner_67;Model_67;
68;Owner_68;Model_68;
69;Owner_69;Model_69;
70;Owner_70;Model_70;
71;Owner_71;Model_71;
72;Owner_72;Model_72;
73;Owner_73;Model_73;
74;Owner_74;Model_74;
75;Owner_75;Model_75;
76;Owner_76;Model_76;
77;Owner_77;Model_77;
78;Owner_78;Model_78;
79;Owner_79;Model_79;
80;Owner_80;Model_80;
81;Owner_81;Model_81;
82;Owner_82;Model_82;
83;Owner_83;Model_83;
84;Owner_84;Model_84;
85;Owner_85;Model_85;
86;Owner_86;Model_86;
87;Owner_87;Model_87;
88;Owner_88;Model_88;
89;Owner_89;Model_89;
90;Owner_90;Model_90;
91;Owner_91;Model_91;
92;Owner_92;Model_92;
93;Owner_93;Model_93;
94;Owner_94;Model_94;
95;Owner_95;Model_95;
96;Owner_96;Model_96;
97;Owner_97;Model_97;
98;Owner_98;Model_98;
99;Owner_99;Model_99;
100;Owner_100;Model_100;
101;Owner_101;Model_101;
102;Owner_102;Model_102;
103;Owner_103;Model_103;
104;Owner_104;Model_104;
105;Owner_105;Model_105;
106;Owner_106;Model_106;
107;Owner_107;Model_107;
108;Owner_108;Model_108;
109;Owner_109;Model_109;
110;Owner_110;Model_110;
111;Owner_111;Model_111;
112;Owner_112;Model_112;
113;Owner_113;Model_113;
114;Owner_114;Model_114;
115;Owner_115;Model_115;
116;Owner_116;Model_116;
117;Owner_117;Model_117;
118;Owner_118;Model_118;
119;Owner_119;Model_119;
120;Owner_120;Model_120;
121;Owner_121;Model_121;
122;Owner_122;Model_122;
123;Owner_123;Model_123;
124;Owner_124;Model_124;
125;Owner_125;Model_125;
126;Owner_126;Model_126;
127;Owner_127;Model_127;
128;Owner_128;Model_128;
129;Owner_129;Model_129;
130;Owner_130;Model_130;
131;Owner_131;Model_131;
132;Owner_132;Model_132;
133;Owner_133;Model_133;
134;Owner_134;Model_134;
135;Owner_135;Model_135;
136;Owner_136;Model_136;
137;Owner_137;Model_137;
138;Owner_138;Model_138;
139;Owner_139;Model_139;
140;Owner_140;Model_140;
141;Owner_141;Model_141;
142;Owner_142;Model_142;
143;Owner_143;Model_143;
144;Owner_144;Model_144;
145;Owner_145;Model_145;
146;Owner_146;Model_146;
147;Owner_147;Model_147;
148;Owner_148;Model_148;
149;Owner_149;Model_149;
150;Owner_150;Model_150;
151;Owner_151;Model_151;
152;Owner_152;Model_152;
153;Owner_153;Model_153;
154;Owner_154;Model_154;
155;Owner_155;Model_155;
156;Owner_156;Model_156;
157;Owner_157;Model_157;
158;Owner_158;Model_158;
159;Owner_159;Model_159;
160;Owner_160;Model_160;
161;Owner_161;Model_161;
162;Owner_162;Model_162;
163;Owner_163;Model_163;
164;Owner_164;Model_164;
165;Owner_165;Model_165;
166;Owner_166;Model_166;
167;Owner_167;Model_167;
168;Owner_168;Model_168;
169;Owner_169;Model_169;
170;Owner_170;Model_170;
171;Owner_171;Model_171;
172;Owner_172;Model_172;
173;Owner_173;Model_173;
174;Owner_174;Model_174;
175;Owner_175;Model_175;
176;Owner_176;Model_176;
177;Owner_177;Model_177;
178;Owner_178;Model_178;
179;Owner_179;Model_179;
180;Owner_180;Model_180;
181;Owner_181;Model_181;
182;Owner_182;Model_182;
183;Owner_183;Model_183;
184;Owner_184;Model_184;
185;Owner_185;Model_185;
186;Owner_186;Model_186;
187;Owner_187;Model_187;
188;Owner_188;Model_188;
189;Owner_189;Model_189;
190;Owner_190;Model_190;
191;Owner_191;Model_191;
192;Owner_192;Model_192;
193;Owner_193;Model_193;
194;Owner_194;Model_194;
195;Owner_195;Model_195;
196;Owner_196;Model_196;
197;Owner_197;Model_197;
198;Owner_198;Model_198;
199;Owner_199;Model_199;
200;Owner_200;Model_200;
201;Owner_201;Model_201;
202;Owner_202;Model_202;
203;Owner_203;Model_203;
204;Owner_204;Model_204;
205;Owner_205;Model_205;
206;Owner_206;Model_206;
207;Owner_207;Model_207;
208;Owner_208;Model_208;
209;Owner_209;Model_209;
210;Owner_210;Model_210;
211;Owner_211;Model_211;
212;Owner_212;Model_212;
213;Owner_213;Model_213;
214;Owner_214;Model_214;
215;Owner_215;Model_215;
216;Owner_216;Model_216;
217;Owner_217;Model_217;
218;Owner_218;Model_218;
219;Owner_219;Model_219;
220;Owner_220;Model_220;
221;Owner_221;Model_221;
222;Owner_222;Model_222;
223;Owner_223;Model_223;
224;Owner_224;Model_224;
225;Owner_225;Model_225;
226;Owner_226;Model_226;
227;Owner_227;Model_227;
228;Owner_228;Model_228;
229;Owner_229;Model_229;
230;Owner_230;Model_230;
231;Owner_231;Model_231;
232;Owner_232;Model_232;
233;Owner_233;Model_233;
234;Owner_234;Model_234;
235;Owner_235;Model_235;
236;Owner_236;Model_236;
237;Owner_237;Model_237;
238;Owner_238;Model_238;
239;Owner_239;Model_239;
240;Owner_240;Model_240;
241;Owner_241;Model_241;
242;Owner_242;Model_242;
243;Owner_243;Model_243;
244;Owner_244;Model_244;
245;Owner_245;Model_245;
246;Owner_246;Model_246;
247;Owner_247;Model_247;
248;Owner_248;Model_248;
249;Owner_249;Model_249;
250;Owner_250;Model_250;
251;Owner_251;Model_251;
252;Owner_252;Model_252;
253;Owner_253;Model_253;
254;Owner_254;Model_254;
255;Owner_255;Model_255;
256;Owner_256;Model_256;
257;Owner_257;Model_257;
258;Owner_258;Model_258;
259;Owner_259;Model_259;
260;Owner_260;Model_260;
261;Owner_261;Model_261;
262;Owner_262;Model_262;
263;Owner_263;Model_263;
264;Owner_264;Model_264;
265;Owner_265;Model_265;
266;Owner_266;Model_266;
267;Owner_267;Model_267;
268;Owner_268;Model_268;
269;Owner_269;Model_269;
270;Owner_270;Model_270;
271;Owner_271;Model_271;
272;Owner_272;Model_272;
273;Owner_273;Model_273;
274;Owner_274;Model_274;
275;Owner_275;Model_275;
276;Owner_276;Model_276;
277;Owner_277;Model_277;
278;Owner_278;Model_278;
279;Owner_279;Model_279;
280;Owner_280;Model_280;
281;Owner_281;Model_281;
282;Owner_282;Model_282;
283;Owner_283;Model_283;
284;Owner_284;Model_284;
285;Owner_285;Model_285;
286;Owner_286;Model_286;
287;Owner_287;Model_287;
288;Owner_288;Model_288;
289;Owner_289;Model_289;
290;Owner_290;Model_290;
291;Owner_291;Model_291;
292;Owner_292;Model_292;
293;Owner_293;Model_293;
294;Owner_294;Model_294;
295;Owner_295;Model_295;
296;Owner_296;Model_296;
297;Owner_297;Model_297;
298;Owner_298;Model_298;
299;Owner_299;Model_299;
300;Owner_300;Model_300;
301;Owner_301;Model_301;
302;Owner_302;Model_302;
303;Owner_303;Model_303;
304;Owner_304;Model_304;
305;Owner_305;Model_305;
306;Owner_306;Model_306;
307;Owner_307;Model_307;
308;Owner_308;Model_308;
309;Owner_309;Model_309;
310;Owner_310;Model_310;
311;Owner_311;Model_311;
312;Owner_312;Model_312;
313;Owner_313;Model_313;
314;Owner_314;Model_314;
315;Owner_315;Model_315;
316;Owner_316;Model_316;
317;Owner_317;Model_317;
318;Owner_318;Model_318;
319;Owner_319;Model_319;
320;Owner_320;Model_320;
321;Owner_321;Model_321;
322;Owner_322;Model_322;
323;Owner_323;Model_323;
324;Owner_324;Model_324;
325;Owner_325;Model_325;
326;Owner_326;Model_326;
327;Owner_327;Model_327;
328;Owner_328;Model_328;
329;Owner_329;Model_329;
330;Owner_330;Model_330;
331;Owner_331;Model_331;
332;Owner_332;Model_332;
333;Owner_333;Model_333;
334;Owner_334;Model_334;
335;Owner_335;Model_335;
336;Owner_336;Model_336;
337;Owner_337;Model_337;
338;Owner_338;Model_338;
339;Owner_339;Model_339;
340;Owner_340;Model_340;
341;Owner_341;Model_341;
342;Owner_342;Model_342;
343;Owner_343;Model_343;
344;Owner_344;Model_344;
345;Owner_345;Model_345;
346;Owner_346;Model_346;
347;Owner_347;Model_347;
348;Owner_348;Model_348;
349;Owner_349;Model_349;
350;Owner_350;Model_350;
351;Owner_351;Model_351;
352;Owner_352;Model_352;
353;Owner_353;Model_353;
354;Owner_354;Model_354;
355;Owner_355;Model_355;
356;Owner_356;Model_356;
357;Owner_357;Model_357;
358;Owner_358;Model_358;
359;Owner_359;Model_359;
360;Owner_360;Model_360;
361;Owner_361;Model_361;
362;Owner_362;Model_362;
363;Owner_363;Model_363;
364;Owner_364;Model_364;
365;Owner_365;Model_365;
366;Owner_366;Model_366;
367;Owner_367;Model_367;
368;Owner_368;Model_368;
369;Owner_369;Model_369;
370;Owner_370;Model_370;
371;Owner_371;Model_371;
372;Owner_372;Model_372;
373;Owner_373;Model_373;
374;Owner_374;Model_374;
375;Owner_375;Model_375;
376;Owner_376;Model_376;
377;Owner_377;Model_377;
378;Owner_378;Model_378;
379;Owner_379;Model_379;
380;Owner_380;Model_380;
381;Owner_381;Model_381;
382;Owner_382;Model_382;
383;Owner_383;Model_383;
384;Owner_384;Model_384;
385;Owner_385;Model_385;
386;Owner_386;Model_386;
387;Owner_387;Model_387;
388;Owner_388;Model_388;
389;Owner_389;Model_389;
390;Owner_390;Model_390;
391;Owner_391;Model_391;
392;Owner_392;Model_392;
393;Owner_393;Model_393;
394;Owner_394;Model_394;
395;Owner_395;Model_395;
396;Owner_396;Model_396;
397;Owner_397;Model_397;
398;Owner_398;Model_398;
399;Owner_399;Model_399;
400;Owner_400;Model_400;
401;Owner_401;Model_401;
402;Owner_402;Model_402;
403;Owner_403;Model_403;
404;Owner_404;Model_404;
405;Owner_405;Model_405;
406;Owner_406;Model_406;
407;Owner_407;Model_407;
408;Owner_408;Model_408;
409;Owner_409;Model_409;
410;Owner_410;Model_410;
411;Owner_411;Model_411;
412;Owner_412;Model_412;
413;Owner_413;Model_413;
414;Owner_414;Model_414;
415;Owner_415;Model_415;
416;Owner_416;Model_416;
417;Owner_417;Model_417;
418;Owner_418;Model_418;
419;Owner_419;Model_419;
420;Owner_420;Model_420;
421;Owner_421;Model_421;
422;Owner_422;Model_422;
423;Owner_423;Model_423;
424;Owner_424;Model_424;
425;Owner_425;Model_425;
426;Owner_426;Model_426;
427;Owner_427;Model_427;
428;Owner_428;Model_428;
429;Owner_429;Model_429;
430;Owner_430;Model_430;
431;Owner_431;Model_431;
432;Owner_432;Model_432;
433;Owner_433;Model_433;
434;Owner_434;Model_434;
435;Owner_435;Model_435;
436;Owner_436;Model_436;
437;Owner_437;Model_437;
438;Owner_438;Model_438;
439;Owner_439;Model_439;
440;Owner_440;Model_440;
441;Owner_441;Model_441;
442;Owner_442;Model_442;
443;Owner_443;Model_443;
444;Owner_444;Model_444;
445;Owner_445;Model_445;
446;Owner_446;Model_446;
447;Owner_447;Model_447;
448;Owner_448;Model_448;
449;Owner_449;Model_449;
450;Owner_450;Model_450;
451;Owner_451;Model_451;
452;Owner_452;Model_452;
453;Owner_453;Model_453;
454;Owner_454;Model_454;
455;Owner_455;Model_455;
456;Owner_456;Model_456;
457;Owner_457;Model_457;
458;Owner_458;Model_458;
459;Owner_459;Model_459;
460;Owner_460;Model_460;
461;Owner_461;Model_461;
462;Owner_462;Model_462;
463;Owner_463;Model_463;
464;Owner_464;Model_464;
465;Owner_465;Model_465;
466;Owner_466;Model_466;
467;Owner_467;Model_467;
468;Owner_468;Model_468;
469;Owner_469;Model_469;
470;Owner_470;Model_470;
471;Owner_471;Model_471;
472;Owner_472;Model_472;
473;Owner_473;Model_473;
474;Owner_474;Model_474;
475;Owner_475;Model_475;
476;Owner_476;Model_476;
477;Owner_477;Model_477;
478;Owner_478;Model_478;
479;Owner_479;Model_479;
480;Owner_480;Model_480;
481;Owner_481;Model_481;
482;Owner_482;Model_482;
483;Owner_483;Model_483;
484;Owner_484;Model_484;
485;Owner_485;Model_485;
486;Owner_486;Model_486;
487;Owner_487;Model_487;
488;Owner_488;Model_488;
489;Owner_489;Model_489;
490;Owner_490;Model_490;
491;Owner_491;Model_491;
492;Owner_492;Model_492;
493;Owner_493;Model_493;
494;Owner_494;Model_494;
495;Owner_495;Model_495;
496;Owner_496;Model_496;
497;Owner_497;Model_497;
498;Owner_498;Model_498;
499;Owner_499;Model_499;
500;Owner_500;Model_500;
501;Owner_501;Model_501;
502;Owner_502;Model_502;
503;Owner_503;Model_503;
504;Owner_504;Model_504;
505;Owner_505;Model_505;
506;Owner_506;Model_506;
507;Owner_507;Model_507;
508;Owner_508;Model_508;
509;Owner_509;Model_509;
510;Owner_510;Model_510;
511;Owner_511;Model_511;
512;Owner_512;Model_512;
513;Owner_513;Model_513;
514;Owner_514;Model_514;
515;Owner_515;Model_515;
516;Owner_516;Model_516;
517;Owner_517;Model_517;
518;Owner_518;Model_518;
519;Owner_519;Model_519;
520;Owner_520;Model_520;
521;Owner_521;Model_521;
522;Owner_522;Model_522;
523;Owner_523;Model_523;
524;Owner_524;Model_524;
525;Owner_525;Model_525;
526;Owner_526;Model_526;
527;Owner_527;Model_527;
528;Owner_528;Model_528;
529;Owner_529;Model_529;
530;Owner_530;Model_530;
531;Owner_531;Model_531;
532;Owner_532;Model_532;
533;Owner_533;Model_533;
534;Owner_534;Model_534;
535;Owner_535;Model_535;
536;Owner_536;Model_536;
537;Owner_537;Model_537;
538;Owner_538;Model_538;
539;Owner_539;Model_539;
540;Owner_540;Model_540;
541;Owner_541;Model_541;
542;Owner_542;Model_542;
543;Owner_543;Model_543;
544;Owner_544;Model_544;
545;Owner_545;Model_545;
546;Owner_546;Model_546;
547;Owner_547;Model_547;
548;Owner_548;Model_548;
549;Owner_549;Model_549;
550;Owner_550;Model_550;
551;Owner_551;Model_551;
552;Owner_552;Model_552;
553;Owner_553;Model_553;
554;Owner_554;Model_554;
555;Owner_555;Model_555;
556;Owner_556;Model_556;
557;Owner_557;Model_557;
558;Owner_558;Model_558;
559;Owner_559;Model_559;
560;Owner_560;Model_560;
561;Owner_561;Model_561;
562;Owner_562;Model_562;
563;Owner_563;Model_563;
564;Owner_564;Model_564;
565;Owner_565;Model_565;
566;Owner_566;Model_566;
567;Owner_567;Model_567;
568;Owner_568;Model_568;
569;Owner_569;Model_569;
570;Owner_570;Model_570;
571;Owner_571;Model_571;
572;Owner_572;Model_572;
573;Owner_573;Model_573;
574;Owner_574;Model_574;
575;Owner_575;Model_575;
576;Owner_576;Model_576;
577;Owner_577;Model_577;
578;Owner_578;Model_578;
579;Owner_579;Model_579;
580;Owner_580;Model_580;
581;Owner_581;Model_581;
582;Owner_582;Model_582;
583;Owner_583;Model_583;
584;Owner_584;Model_584;
585;Owner_585;Model_585;
586;Owner_586;Model_586;
587;Owner_587;Model_587;
588;Owner_588;Model_588;
589;Owner_589;Model_589;
590;Owner_590;Model_590;
591;Owner_591;Model_591;
592;Owner_592;Model_592;
593;Owner_593;Model_593;
594;Owner_594;Model_594;
595;Owner_595;Model_595;
596;Owner_596;Model_596;
597;Owner_597;Model_597;
598;Owner_598;Model_598;
599;Owner_599;Model_599;
600;Owner_600;Model_600;
601;Owner_601;Model_601;
602;Owner_602;Model_602;
603;Owner_603;Model_603;
604;Owner_604;Model_604;
605;Owner_605;Model_605;
606;Owner_606;Model_606;
607;Owner_607;Model_607;
608;Owner_608;Model_608;
609;Owner_609;Model_609;
610;Owner_610;Model_610;
611;Owner_611;Model_611;
612;Owner_612;Model_612;
613;Owner_613;Model_613;
614;Owner_614;Model_614;
615;Owner_615;Model_615;
616;Owner_616;Model_616;
617;Owner_617;Model_617;
618;Owner_618;Model_618;
619;Owner_619;Model_619;
620;Owner_620;Model_620;
621;Owner_621;Model_621;
622;Owner_622;Model_622;
623;Owner_623;Model_623;
624;Owner_624;Model_624;
625;Owner_625;Model_625;
626;Owner_626;Model_626;
627;Owner_627;Model_627;
628;Owner_628;Model_628;
629;Owner_629;Model_629;
630;Owner_630;Model_630;
631;Owner_631;Model_631;
632;Owner_632;Model_632;
633;Owner_633;Model_633;
634;Owner_634;Model_634;
635;Owner_635;Model_635;
636;Owner_636;Model_636;
637;Owner_637;Model_637;
638;Owner_638;Model_638;
639;Owner_639;Model_639;
640;Owner_640;Model_640;
641;Owner_641;Model_641;
642;Owner_642;Model_642;
643;Owner_643;Model_643;
644;Owner_644;Model_644;
645;Owner_645;Model_645;
646;Owner_646;Model_646;
647;Owner_647;Model_647;
648;Owner_648;Model_648;
649;Owner_649;Model_649;
650;Owner_650;Model_650;
651;Owner_651;Model_651;
652;Owner_652;Model_652;
653;Owner_653;Model_653;
654;Owner_654;Model_654;
655;Owner_655;Model_655;
656;Owner_656;Model_656;
657;Owner_657;Model_657;
658;Owner_658;Model_658;
659;Owner_659;Model_659;
660;Owner_660;Model_660;
661;Owner_661;Model_661;
662;Owner_662;Model_662;
663;Owner_663;Model_663;
664;Owner_664;Model_664;
665;Owner_665;Model_665;
666;Owner_666;Model_666;
667;Owner_667;Model_667;
668;Owner_668;Model_668;
669;Owner_669;Model_669;
670;Owner_670;Model_670;
671;Owner_671;Model_671;
672;Owner_672;Model_672;
673;Owner_673;Model_673;
674;Owner_674;Model_674;
675;Owner_675;Model_675;
676;Owner_676;Model_676;
677;Owner_677;Model_677;
678;Owner_678;Model_678;
679;Owner_679;Model_679;
680;Owner_680;Model_680;
681;Owner_681;Model_681;
682;Owner_682;Model_682;
683;Owner_683;Model_683;
684;Owner_684;Model_684;
685;Owner_685;Model_685;
686;Owner_686;Model_686;
687;Owner_687;Model_687;
688;Owner_688;Model_688;
689;Owner_689;Model_689;
690;Owner_690;Model_690;
691;Owner_691;Model_691;
692;Owner_692;Model_692;
693;Owner_693;Model_693;
694;Owner_694;Model_694;
695;Owner_695;Model_695;
696;Owner_696;Model_696;
697;Owner_697;Model_697;
698;Owner_698;Model_698;
699;Owner_699;Model_699;
700;Owner_700;Model_700;
701;Owner_701;Model_701;
702;Owner_702;Model_702;
703;Owner_703;Model_703;
704;Owner_704;Model_704;
705;Owner_705;Model_705;
706;Owner_706;Model_706;
707;Owner_707;Model_707;
708;Owner_708;Model_708;
709;Owner_709;Model_709;
710;Owner_710;Model_710;
711;Owner_711;Model_711;
712;Owner_712;Model_712;
713;Owner_713;Model_713;
714;Owner_714;Model_714;
715;Owner_715;Model_715;
716;Owner_716;Model_716;
717;Owner_717;Model_717;
718;Owner_718;Model_718;
719;Owner_719;Model_719;
720;Owner_720;Model_720;
721;Owner_721;Model_721;
722;Owner_722;Model_722;
723;Owner_723;Model_723;
724;Owner_724;Model_724;
725;Owner_725;Model_725;
726;Owner_726;Model_726;
727;Owner_727;Model_727;
728;Owner_728;Model_728;
729;Owner_729;Model_729;
730;Owner_730;Model_730;
731;Owner_731;Model_731;
732;Owner_732;Model_732;
733;Owner_733;Model_733;
734;Owner_734;Model_734;
735;Owner_735;Model_735;
736;Owner_736;Model_736;
737;Owner_737;Model_737;
738;Owner_738;Model_738;
739;Owner_739;Model_739;
740;Owner_740;Model_740;
741;Owner_741;Model_741;
742;Owner_742;Model_742;
743;Owner_743;Model_743;
744;Owner_744;Model_744;
745;Owner_745;Model_745;
746;Owner_746;Model_746;
747;Owner_747;Model_747;
748;Owner_748;Model_748;
749;Owner_749;Model_749;
750;Owner_750;Model_750;
751;Owner_751;Model_751;
752;Owner_752;Model_752;
753;Owner_753;Model_753;
754;Owner_754;Model_754;
755;Owner_755;Model_755;
756;Owner_756;Model_756;
757;Owner_757;Model_757;
758;Owner_758;Model_758;
759;Owner_759;Model_759;
760;Owner_760;Model_760;
761;Owner_761;Model_761;
762;Owner_762;Model_762;
763;Owner_763;Model_763;
764;Owner_764;Model_764;
765;Owner_765;Model_765;
766;Owner_766;Model_766;
767;Owner_767;Model_767;
768;Owner_768;Model_768;
769;Owner_769;Model_769;
770;Owner_770;Model_770;
771;Owner_771;Model_771;
772;Owner_772;Model_772;
773;Owner_773;Model_773;
774;Owner_774;Model_774;
775;Owner_775;Model_775;
776;Owner_776;Model_776;
777;Owner_777;Model_777;
778;Owner_778;Model_778;
779;Owner_779;Model_779;
780;Owner_780;Model_780;
781;Owner_781;Model_781;
782;Owner_782;Model_782;
783;Owner_783;Model_783;
784;Owner_784;Model_784;
785;Owner_785;Model_785;
786;Owner_786;Model_786;
787;Owner_787;Model_787;
788;Owner_788;Model_788;
789;Owner_789;Model_789;
790;Owner_790;Model_790;
791;Owner_791;Model_791;
792;Owner_792;Model_792;
793;Owner_793;Model_793;
794;Owner_794;Model_794;
795;Owner_795;Model_795;
796;Owner_796;Model_796;
797;Owner_797;Model_797;
798;Owner_798;Model_798;
799;Owner_799;Model_799;
800;Owner_800;Model_800;
801;Owner_801;Model_801;
802;Owner_802;Model_802;
803;Owner_803;Model_803;
804;Owner_804;Model_804;
805;Owner_805;Model_805;
806;Owner_806;Model_806;
807;Owner_807;Model_807;
808;Owner_808;Model_808;
809;Owner_809;Model_809;
810;Owner_810;Model_810;
811;Owner_811;Model_811;
812;Owner_812;Model_812;
813;Owner_813;Model_813;
814;Owner_814;Model_814;
815;Owner_815;Model_815;
816;Owner_816;Model_816;
817;Owner_817;Model_817;
818;Owner_818;Model_818;
819;Owner_819;Model_819;
820;Owner_820;Model_820;
821;Owner_821;Model_821;
822;Owner_822;Model_822;
823;Owner_823;Model_823;
824;Owner_824;Model_824;
825;Owner_825;Model_825;
826;Owner_826;Model_826;
827;Owner_827;Model_827;
828;Owner_828;Model_828;
829;Owner_829;Model_829;
830;Owner_830;Model_830;
831;Owner_831;Model_831;
832;Owner_832;Model_832;
833;Owner_833;Model_833;
834;Owner_834;Model_834;
835;Owner_835;Model_835;
836;Owner_836;Model_836;
837;Owner_837;Model_837;
838;Owner_838;Model_838;
839;Owner_839;Model_839;
840;Owner_840;Model_840;
841;Owner_841;Model_841;
842;Owner_842;Model_842;
843;Owner_843;Model_843;
844;Owner_844;Model_844;
845;Owner_845;Model_845;
846;Owner_846;Model_846;
847;Owner_847;Model_847;
848;Owner_848;Model_848;
849;Owner_849;Model_849;
850;Owner_850;Model_850;
851;Owner_851;Model_851;
852;Owner_852;Model_852;
853;Owner_853;Model_853;
854;Owner_854;Model_854;
855;Owner_855;Model_855;
856;Owner_856;Model_856;
857;Owner_857;Model_857;
858;Owner_858;Model_858;
859;Owner_859;Model_859;
860;Owner_860;Model_860;
861;Owner_861;Model_861;
862;Owner_862;Model_862;
863;Owner_863;Model_863;
864;Owner_864;Model_864;
865;Owner_865;Model_865;
866;Owner_866;Model_866;
867;Owner_867;Model_867;
868;Owner_868;Model_868;
869;Owner_869;Model_869;
870;Owner_870;Model_870;
871;Owner_871;Model_871;
872;Owner_872;Model_872;
873;Owner_873;Model_873;
874;Owner_874;Model_874;
875;Owner_875;Model_875;
876;Owner_876;Model_876;
877;Owner_877;Model_877;
878;Owner_878;Model_878;
879;Owner_879;Model_879;
880;Owner_880;Model_880;
881;Owner_881;Model_881;
882;Owner_882;Model_882;
883;Owner_883;Model_883;
884;Owner_884;Model_884;
885;Owner_885;Model_885;
886;Owner_886;Model_886;
887;Owner_887;Model_887;
888;Owner_888;Model_888;
889;Owner_889;Model_889;
890;Owner_890;Model_890;
891;Owner_891;Model_891;
892;Owner_892;Model_892;
893;Owner_893;Model_893;
894;Owner_894;Model_894;
895;Owner_895;Model_895;
896;Owner_896;Model_896;
897;Owner_897;Model_897;
898;Owner_898;Model_898;
899;Owner_899;Model_899;
900;Owner_900;Model_900;
901;Owner_901;Model_901;
902;Owner_902;Model_902;
903;Owner_903;Model_903;
904;Owner_904;Model_904;
905;Owner_905;Model_905;
906;Owner_906;Model_906;
907;Owner_907;Model_907;
908;Owner_908;Model_908;
909;Owner_909;Model_909;
910;Owner_910;Model_910;
911;Owner_911;Model_911;
912;Owner_912;Model_912;
913;Owner_913;Model_913;
914;Owner_914;Model_914;
915;Owner_915;Model_915;
916;Owner_916;Model_916;
917;Owner_917;Model_917;
918;Owner_918;Model_918;
919;Owner_919;Model_919;
920;Owner_920;Model_920;
921;Owner_921;Model_921;
922;Owner_922;Model_922;
923;Owner_923;Model_923;
924;Owner_924;Model_924;
925;Owner_925;Model_925;
926;Owner_926;Model_926;
927;Owner_927;Model_927;
928;Owner_928;Model_928;
929;Owner_929;Model_929;
930;Owner_930;Model_930;
931;Owner_931;Model_931;
932;Owner_932;Model_932;
933;Owner_933;Model_933;
934;Owner_934;Model_934;
935;Owner_935;Model_935;
936;Owner_936;Model_936;
937;Owner_937;Model_937;
938;Owner_938;Model_938;
939;Owner_939;Model_939;
940;Owner_940;Model_940;
941;Owner_941;Model_941;
942;Owner_942;Model_942;
943;Owner_943;Model_943;
944;Owner_944;Model_944;
945;Owner_945;Model_945;
946;Owner_946;Model_946;
947;Owner_947;Model_947;
948;Owner_948;Model_948;
949;Owner_949;Model_949;
950;Owner_950;Model_950;
951;Owner_951;Model_951;
952;Owner_952;Model_952;
953;Owner_953;Model_953;
954;Owner_954;Model_954;
955;Owner_955;Model_955;
956;Owner_956;Model_956;
957;Owner_957;Model_957;
958;Owner_958;Model_958;
959;Owner_959;Model_959;
960;Owner_960;Model_960;
961;Owner_961;Model_961;
962;Owner_962;Model_962;
963;Owner_963;Model_963;
964;Owner_964;Model_964;
965;Owner_965;Model_965;
966;Owner_966;Model_966;
967;Owner_967;Model_967;
968;Owner_968;Model_968;
969;Owner_969;Model_969;
970;Owner_970;Model_970;
971;Owner_971;Model_971;
972;Owner_972;Model_972;
973;Owner_973;Model_973;
974;Owner_974;Model_974;
975;Owner_975;Model_975;
976;Owner_976;Model_976;
977;Owner_977;Model_977;
978;Owner_978;Model_978;
979;Owner_979;Model_979;
980;Owner_980;Model_980;
981;Owner_981;Model_981;
982;Owner_982;Model_982;
983;Owner_983;Model_983;
984;Owner_984;Model_984;
985;Owner_985;Model_985;
986;Owner_986;Model_986;
987;Owner_987;Model_987;
988;Owner_988;Model_988;
989;Owner_989;Model_989;
990;Owner_990;Model_990;
991;Owner_991;Model_991;
992;Owner_992;Model_992;
993;Owner_993;Model_993;
994;Owner_994;Model_994;
995;Owner_995;Model_995;
996;Owner_996;Model_996;
997;Owner_997;Model_997;
998;Owner_998;Model_998;
999;Owner_999;Model_999;
